{"cameraMode":{"drawMode":0,"name":"Shaded","section":"Shading Mode"},"sceneLighting":false,"audioPlay":false,"sceneViewState":{"showFog":true,"showMaterialUpdate":false,"showSkybox":false,"showFlares":true,"showImageEffects":true,"showParticleSystems":true},"in2DMode":false,"pivot":{"x":-5.348154544830322,"y":-3.1438698768615724,"z":3.300222396850586},"rotation":{"x":0.192999929189682,"y":-0.3876313269138336,"z":0.08335471898317337,"w":0.8975281715393066},"size":8.928191184997559,"orthographic":false}