{"cameraMode":{"drawMode":0,"name":"Shaded","section":"Shading Mode"},"sceneLighting":false,"audioPlay":false,"sceneViewState":{"showFog":true,"showMaterialUpdate":false,"showSkybox":false,"showFlares":true,"showImageEffects":true,"showParticleSystems":true},"in2DMode":false,"pivot":{"x":15.544294357299805,"y":10.068713188171387,"z":-20.51933479309082},"rotation":{"x":-0.09621790796518326,"y":-0.901763379573822,"z":0.2644974887371063,"w":-0.3280383348464966},"size":4.19038200378418,"orthographic":false}