{"cameraMode":{"drawMode":0,"name":"Shaded","section":"Shading Mode"},"sceneLighting":false,"audioPlay":false,"sceneViewState":{"showFog":true,"showMaterialUpdate":false,"showSkybox":false,"showFlares":true,"showImageEffects":true,"showParticleSystems":true},"in2DMode":false,"pivot":{"x":1.4013713598251343,"y":-0.7184163331985474,"z":0.0233323872089386},"rotation":{"x":0.1911603957414627,"y":0.5906900763511658,"z":-0.14662498235702516,"w":0.7701005339622498},"size":2.6279866695404054,"orthographic":false}