{"cameraMode":{"drawMode":0,"name":"Shaded","section":"Shading Mode"},"sceneLighting":false,"audioPlay":false,"sceneViewState":{"showFog":true,"showMaterialUpdate":false,"showSkybox":false,"showFlares":true,"showImageEffects":true,"showParticleSystems":true},"in2DMode":false,"pivot":{"x":0.039438627660274509,"y":0.6694995164871216,"z":0.09617483615875244},"rotation":{"x":0.25689512491226199,"y":0.004650352522730827,"z":-0.001233375514857471,"w":0.9664338231086731},"size":2.031172275543213,"orthographic":false}