{"cameraMode":{"drawMode":0,"name":"Shaded","section":"Shading Mode"},"sceneLighting":false,"audioPlay":false,"sceneViewState":{"showFog":true,"showMaterialUpdate":false,"showSkybox":false,"showFlares":true,"showImageEffects":true,"showParticleSystems":true},"in2DMode":false,"pivot":{"x":63.01526641845703,"y":1.5990242958068848,"z":20.75093650817871},"rotation":{"x":-0.278990775346756,"y":0.43760573863983157,"z":-0.14492647349834443,"w":-0.8424181342124939},"size":7.286242485046387,"orthographic":false}