{"cameraMode":{"drawMode":0,"name":"Shaded","section":"Shading Mode"},"sceneLighting":false,"audioPlay":false,"sceneViewState":{"showFog":true,"showMaterialUpdate":false,"showSkybox":false,"showFlares":true,"showImageEffects":true,"showParticleSystems":true},"in2DMode":false,"pivot":{"x":0.9094248414039612,"y":-1.2660470008850098,"z":0.2396252453327179},"rotation":{"x":0.15510022640228272,"y":0.8442384600639343,"z":-0.3440935015678406,"w":0.38061991333961489},"size":3.457883834838867,"orthographic":false}