{"cameraMode":{"drawMode":0,"name":"Shaded","section":"Shading Mode"},"sceneLighting":true,"audioPlay":false,"sceneViewState":{"showFog":true,"showMaterialUpdate":false,"showSkybox":false,"showFlares":true,"showImageEffects":true,"showParticleSystems":true},"in2DMode":false,"pivot":{"x":70.5110855102539,"y":-9.66917610168457,"z":33.667301177978519},"rotation":{"x":-0.2997443974018097,"y":-0.023525448516011239,"z":0.0074055809527635578,"w":-0.9537351131439209},"size":20.588403701782228,"orthographic":false}