{"cameraMode":{"drawMode":0,"name":"Shaded","section":"Shading Mode"},"sceneLighting":false,"audioPlay":false,"sceneViewState":{"showFog":true,"showMaterialUpdate":false,"showSkybox":false,"showFlares":true,"showImageEffects":true,"showParticleSystems":true},"in2DMode":false,"pivot":{"x":-0.25306224822998049,"y":0.487298846244812,"z":0.7275465130805969},"rotation":{"x":0.19573764503002168,"y":-0.7292298078536987,"z":0.23276309669017793,"w":0.6130173802375794},"size":2.9293813705444338,"orthographic":false}