{"cameraMode":{"drawMode":0,"name":"Shaded","section":"Shading Mode"},"sceneLighting":false,"audioPlay":false,"sceneViewState":{"showFog":true,"showMaterialUpdate":false,"showSkybox":false,"showFlares":true,"showImageEffects":true,"showParticleSystems":true},"in2DMode":false,"pivot":{"x":-0.7246588468551636,"y":-0.011077642440795899,"z":-1.8350675106048585},"rotation":{"x":0.04226543381810188,"y":-0.9572063088417053,"z":0.21997596323490144,"w":0.18340207636356355},"size":4.648029804229736,"orthographic":false}