{"cameraMode":{"drawMode":0,"name":"Shaded","section":"Shading Mode"},"sceneLighting":false,"audioPlay":false,"sceneViewState":{"showFog":true,"showMaterialUpdate":false,"showSkybox":false,"showFlares":true,"showImageEffects":true,"showParticleSystems":true},"in2DMode":false,"pivot":{"x":65.5,"y":0.722000002861023,"z":26.420000076293947},"rotation":{"x":0.182260662317276,"y":-0.14832350611686707,"z":0.027706779539585115,"w":0.9716324806213379},"size":2.857893466949463,"orthographic":false}